Position,Country,Score,Classification,KPIs-PC,KPIs-R,KPIs-E,KPIs-ICT,KPIs-GH,Region,ShowLabel,Label
1,United States of America,89.04,Core AI Nation,0,ED+,1300.4492,"$102,266,000,000.00",32410529,North America,TRUE,USA
2,China,77.14,Core AI Nation,24.7,CA,3825.4305,"$73,608,543,370.33",11351939,Indo-Pacific,TRUE,China
3,France,69.94,Core AI Nation,0,LD-,164.07812,"$29,318,580,351.01",4034001,Europe & Eurasia,TRUE,France
4,United Kingdom of Great Britain and Northern Ireland,68.07,Core AI Nation,0,ED+,108.07939,"$64,962,179,229.66",5559767,Europe & Eurasia,TRUE,UK
5,Germany,67.63,Core AI Nation,5,LD,276.14445,"$59,436,995,901.93",5255625,Europe & Eurasia,FALSE,
6,Japan,66.01,Core AI Nation,46.4,LD,344.75052,"$14,737,077,018.26",5433912,Indo-Pacific,FALSE,
7,Canada,65.9,Core AI Nation,34.2,ED+,155.60907,"$24,752,633,587.69",3991305,North America,TRUE,Canada
8,Republic of Korea,64.64,Core AI Nation,8.1,LD,157.14698,"$18,720,800,000.00",3145730,Indo-Pacific,TRUE,South Korea
9,Singapore,64.63,Core AI Nation,33.5,EA,12.91682,"$33,599,143,370.68",2170580,Indo-Pacific,TRUE,Singapore
10,Australia,62.76,Semi-Periphery AI Nation,35.1,LD,118.30063,"$3,105,487,195.27",2368357,Indo-Pacific,FALSE,Australia
11,Netherlands,62.56,Semi-Periphery AI Nation,9.6,LD,62.6244,"$29,340,716,452.60",2185318,Europe & Eurasia,TRUE,Netherlands
12,Switzerland,60.33,Semi-Periphery AI Nation,20,LD,29.45983,"$25,072,781,471.68",781300,Europe & Eurasia,FALSE,
13,Italy,59.63,Semi-Periphery AI Nation,7.4,LD-,143.68006,"$10,552,459,962.80",1989642,Europe & Eurasia,FALSE,
14,United Arab Emirates,59.36,Semi-Periphery AI Nation,20.7,CA,51.27353,"$8,304,969,366.92",656185,Middle East & Central Asia,TRUE,UAE
15,Spain,59.08,Semi-Periphery AI Nation,0,LD,142.47471,"$26,644,819,992.20",2802085,Europe & Eurasia,FALSE,Spain
16,Sweden,58.11,Semi-Periphery AI Nation,4,LD,54.6186,"$27,243,794,901.26",1029024,Europe & Eurasia,FALSE,Sweden
17,Israel,57.79,Semi-Periphery AI Nation,3.4,ED+,26.6641,"$59,759,500,000.00",935953,Middle East & Central Asia,TRUE,Israel
18,Norway,57.77,Semi-Periphery AI Nation,0,LD,41.25935,"$5,666,436,945.86",510054,Europe & Eurasia,FALSE,
19,India,56.86,Semi-Periphery AI Nation,34.4,EA,572.98154,"$200,343,788,282.56",26727004,Indo-Pacific,TRUE,India
20,Ireland,56.32,Semi-Periphery AI Nation,0,LD,13.76729,"$301,732,326,532.08",487502,Europe & Eurasia,TRUE,Ireland
21,Finland,55.42,Semi-Periphery AI Nation,4.7,LD,26.01623,"$14,309,364,752.57",538218,Europe & Eurasia,FALSE,Finland
22,Denmark,54.78,Semi-Periphery AI Nation,0,LD,19.8454,"$9,611,092,436.70",543334,Europe & Eurasia,FALSE,
23,Brazil,54.68,Semi-Periphery AI Nation,0,ED+,261.59459,"$7,440,671,937.69",8317960,Central & South America,TRUE,Brazil
24,Austria,54.6,Semi-Periphery AI Nation,18.4,LD-,36.81574,"$13,642,233,295.75",611388,Europe & Eurasia,FALSE,
25,Saudi Arabia,54.21,Semi-Periphery AI Nation,5.4,CA,101.052,"$2,509,479,111.88",988061,Middle East & Central Asia,FALSE,Saudi Arabia
26,Poland,53.94,Semi-Periphery AI Nation,0,ED,71.84035,"$22,112,000,000.00",2074728,Europe & Eurasia,FALSE,
27,Taiwan,52.43,Semi-Periphery AI Nation,3.7,LD,,,1890259,Indo-Pacific,TRUE,Taiwan
28,Malaysia,50.75,Semi-Periphery AI Nation,9.4,ED-,39.24855,"$4,623,972,785.34",1139033,Indo-Pacific,FALSE,
29,Czechia,50.17,Semi-Periphery AI Nation,22,LD,22.47214,"$8,635,997,823.02",606127,Europe & Eurasia,FALSE,
30,Portugal,49.72,Semi-Periphery AI Nation,0,ED,26.87355,"$5,309,029,498.95",740488,Europe & Eurasia,FALSE,Portugal
31,Belgium,49.65,Semi-Periphery AI Nation,23.7,LD,26.859,"$23,772,123,495.80",748934,Europe & Eurasia,FALSE,
32,Thailand,48.28,Semi-Periphery AI Nation,42.8,EA,61.60372,"$465,579,231.25",1570196,Indo-Pacific,FALSE,
33,Russian Federation,47.96,Semi-Periphery AI Nation,0,EA,252.20576,"$2,698,030,000.00",4627668,Europe & Eurasia,TRUE,Russia
34,New Zealand,47.25,Semi-Periphery AI Nation,64.5,LD,11.24188,"$1,107,097,583.41",441201,Indo-Pacific,FALSE,New Zealand
35,Indonesia,46.93,Semi-Periphery AI Nation,0,EA+,94.2544,"$4,089,565,622.03",5270032,Indo-Pacific,FALSE,
36,Luxembourg,46.59,Periphery AI Nation,37.4,LD,1.20426,"$5,705,794,078.00",61847,Europe & Eurasia,FALSE,
37,Bahrain,46.55,Periphery AI Nation,0,CA,10.68081,"$1,406,648,936.17",62656,Middle East & Central Asia,FALSE,
38,Slovenia,46.06,Periphery AI Nation,0,ED,4.84208,"$1,384,562,488.72",117306,Europe & Eurasia,FALSE,
39,Viet Nam,46.01,Periphery AI Nation,0,CA,87.59966,,2972715,Indo-Pacific,FALSE,
40,South Africa,45.9,Periphery AI Nation,0,ED,67.28849,"$1,706,339,819.33",1058997,Africa,FALSE,
41,Chile,45.44,Periphery AI Nation,4,LD-,40.26555,"$764,069,244.55",809093,Central & South America,TRUE,Chile
42,Estonia,45.04,Periphery AI Nation,0,LD,3.42936,"$3,907,740,648.39",149001,Europe & Eurasia,TRUE,Estonia
43,Iceland,44.89,Periphery AI Nation,7.4,LD,2.99783,"$866,512,543.80",42927,Europe & Eurasia,FALSE,
44,Lithuania,44.87,Periphery AI Nation,0,LD-,7.669,"$3,583,933,605.54",227028,Europe & Eurasia,FALSE,
45,Hungary,44.4,Periphery AI Nation,6.2,EA,15.6631,"$4,859,716,636.82",464901,Europe & Eurasia,FALSE,
46,Qatar,43.86,Periphery AI Nation,13.7,CA,12.2861,"$578,021,978.02",109057,Middle East & Central Asia,TRUE,Qatar
47,Malta,43.62,Periphery AI Nation,4.7,ED+,0.85663,"$448,442,444.62",43600,Europe & Eurasia,FALSE,
48,Türkiye,43.19,Periphery AI Nation,0,EA,122.80279,"$5,336,000,000.00",2544065,Europe & Eurasia,FALSE,
49,Egypt,42.58,Periphery AI Nation,0,EA,63.20353,"$2,061,400,000.00",1626418,Middle East & Central Asia,FALSE,
50,Greece,42.5,Periphery AI Nation,0,ED,30.44972,"$1,777,124,295.72",394067,Europe & Eurasia,FALSE,Greece
51,Ukraine,42.48,Periphery AI Nation,0,EA,24.36,"$6,610,000,000.00",1729006,Europe & Eurasia,FALSE,
52,Philippines,42.47,Periphery AI Nation,0,EA,31.8478,"$8,827,634,084.76",2815527,Indo-Pacific,FALSE,
53,Bulgaria,41.89,Periphery AI Nation,8.8,ED,16.64658,"$4,781,510,000.00",362099,Europe & Eurasia,FALSE,
54,Romania,41.86,Periphery AI Nation,0,ED,22.4936,"$13,020,041,811.32",795527,Europe & Eurasia,FALSE,
55,Cyprus,41.07,Periphery AI Nation,0,LD-,2.54137,"$10,030,920,648.08",96793,Europe & Eurasia,FALSE,
56,Colombia,40.09,Periphery AI Nation,0,ED,21.34532,"$2,309,838,336.22",1670892,Central & South America,FALSE,
57,Latvia,39.82,Periphery AI Nation,0,LD,3.82615,"$1,774,217,198.27",190889,Europe & Eurasia,FALSE,
58,Kazakhstan,39.58,Periphery AI Nation,10.3,EA,26.68369,"$1,355,233,820.00",463403,Middle East & Central Asia,FALSE,
59,Uruguay,39.48,Periphery AI Nation,0,LD-,5.27806,"$1,502,706,315.04",160501,Central & South America,TRUE,Uruguay
60,Oman,39.4,Periphery AI Nation,24,CA,12.58908,"$393,434,459.04",95170,Middle East & Central Asia,FALSE,
61,Uzbekistan,39.35,Periphery AI Nation,3.4,CA+,27.79717,"$921,500,245.55",395040,Middle East & Central Asia,FALSE,
62,Serbia,39.17,Periphery AI Nation,6.5,EA,8.57791,"$5,146,715,244.93",325368,Europe & Eurasia,FALSE,
63,Argentina,39.01,Periphery AI Nation,0,ED,44.44295,"$2,825,472,485.37",1599355,Central & South America,FALSE,Argentina
64,Slovakia,38.32,Periphery AI Nation,0,ED,7.471,"$2,379,368,027.09",212894,Europe & Eurasia,FALSE,
65,Jordan,38.08,Periphery AI Nation,0,CA,7.2925,"$48,169,014.08",242986,Middle East & Central Asia,FALSE,
66,Mauritius,37.97,Periphery AI Nation,24.4,ED+,0.95699,"$171,025,852.88",50296,Africa,FALSE,
67,Azerbaijan,37.95,Periphery AI Nation,0,EA,9.7287,"$130,308,000.00",195331,Europe & Eurasia,FALSE,
68,Mexico,37.67,Periphery AI Nation,0,EA+,122.80961,"$3,255,094,101.00",2865151,North America,TRUE,Mexico
69,Nigeria,37.5,Periphery AI Nation,5.6,ED-,14.53693,"$107,979,745.21",1794519,Africa,FALSE,
70,Andorra,36.92,Periphery AI Nation,6.9,,0.06235,"$132,308,029.79",7489,Europe & Eurasia,FALSE,
71,Monaco,36.77,Periphery AI Nation,0,,,,3256,Europe & Eurasia,FALSE,
72,Iran (Islamic Republic of),36.48,Periphery AI Nation,0,EA-,96.27069,,898557,Middle East & Central Asia,FALSE,
73,Croatia,36.24,Periphery AI Nation,0,ED,6.315,"$1,925,467,019.37",191502,Europe & Eurasia,FALSE,
74,Kenya,36.18,Periphery AI Nation,3.7,ED-,3.465,"$853,401,195.56",678197,Africa,FALSE,
75,Ghana,36.17,Periphery AI Nation,8.5,ED,5.87101,"$61,344,923.39",328387,Africa,FALSE,
76,Peru,36.05,Periphery AI Nation,0,ED,16.02342,"$174,917,518.64",907052,Central & South America,FALSE,
77,Pakistan,35.77,Periphery AI Nation,6.2,EA,50.26116,"$4,185,000,000.00",2497496,Middle East & Central Asia,FALSE,
78,Morocco,35.32,Periphery AI Nation,0,CA,11.40693,"$2,804,458,304.54",906406,Africa,TRUE,Morocco
79,Kuwait,34.65,Periphery AI Nation,34.8,CA,20.32686,"$6,252,957,273.99",112085,Middle East & Central Asia,FALSE,Kuwait
80,Ecuador,34.36,Periphery AI Nation,13,ED,8.13558,"$126,384,907.83",418829,Central & South America,FALSE,
81,Tunisia,34.19,Periphery AI Nation,0,EA,7.269,"$516,932,907.37",420582,Africa,FALSE,
82,Algeria,33.87,Periphery AI Nation,22.7,EA,27.98745,"$72,750,835.40",586990,Africa,FALSE,
83,Sri Lanka,33.23,Periphery AI Nation,30,ED,6.87387,"$971,460,298.34",541411,Indo-Pacific,FALSE,
84,Liechtenstein,33.17,Periphery AI Nation,24.4,,,,3056,Europe & Eurasia,FALSE,
85,Georgia,33.14,Periphery AI Nation,14.3,EA,5.03336,"$1,292,300,366.64",198539,Europe & Eurasia,FALSE,
86,Albania,32.3,Periphery AI Nation,4.7,EA+,3.59481,"$294,595,138.01",103489,Europe & Eurasia,FALSE,
87,Côte D'Ivoire,32.23,Periphery AI Nation,11.9,,,"$119,958,050.78",112935,Africa,FALSE,
88,Costa Rica,32.13,Periphery AI Nation,8.8,LD,3.72502,"$2,667,838,385.16",231325,Central & South America,FALSE,
89,Rwanda,31.35,Periphery AI Nation,0,EA,0.32214,"$34,451,932.61",87857,Africa,FALSE,
90,Republic of Moldova,31.21,Periphery AI Nation,0,ED-,,"$893,128,490.84",140751,Europe & Eurasia,FALSE,
91,Ethiopia,31.21,Periphery AI Nation,0,EA,10.15844,"$42,591,405.05",251351,Africa,FALSE,
92,Zambia,30.72,Periphery AI Nation,0,EA+,4.1451,"$25,034,545.85",64531,Africa,FALSE,
93,San Marino,30.71,Periphery AI Nation,8.5,,,,1381,Europe & Eurasia,FALSE,
94,State of Palestine,30.7,Periphery AI Nation,,,,,,,FALSE,
95,Brunei Darussalam,30.67,Periphery AI Nation,47.8,,1.04484,"$15,156,737.35",17551,Indo-Pacific,FALSE,
96,Senegal,30.58,Periphery AI Nation,3.7,ED,2.32648,"$128,356,504.13",91364,Africa,FALSE,
97,United Republic of Tanzania,30.45,Periphery AI Nation,,,,,,,FALSE,
98,Bangladesh,30.42,Periphery AI Nation,23.1,CA,26.49334,"$740,887,869.00",1882249,Indo-Pacific,FALSE,
99,Panama,30.4,Periphery AI Nation,0,ED,5.2878,"$501,332,378.97",96375,Central & South America,FALSE,
100,Botswana,30.09,Periphery AI Nation,5.3,ED,1.0585,"$35,334,750.96",30651,Africa,FALSE,
101,Montenegro,29.97,Periphery AI Nation,3.2,ED+,1.1477,"$193,625,414.82",29425,Europe & Eurasia,FALSE,
102,Lebanon,29.88,Periphery AI Nation,0,EA,3.50012,"$140,728,785.55",165282,Middle East & Central Asia,FALSE,
103,Iraq,29.42,Periphery AI Nation,8.6,EA,35.09858,"$92,400,000.00",454373,Middle East & Central Asia,FALSE,
104,Bhutan,29.25,Periphery AI Nation,0,ED-,3.51179,"$1,288,128.11",14370,Indo-Pacific,FALSE,
105,El Salvador,28.79,Periphery AI Nation,0,EA,3.10124,"$455,265,617.46",136169,Central & South America,FALSE,
106,Armenia,28.6,Periphery AI Nation,0,ED,4.2747,"$1,501,550,826.32",141176,Europe & Eurasia,FALSE,
107,Fiji,28.53,Periphery AI Nation,16.7,ED-,0.41659,"$10,051,626.57",10906,Indo-Pacific,FALSE,
108,Belarus,28.43,Periphery AI Nation,0,CA,13.4978,"$3,238,862,750.00",407977,Europe & Eurasia,FALSE,
109,Cameroon,28.42,Periphery AI Nation,0,EA,2.13572,"$189,161,798.41",139140,Africa,FALSE,
110,North Macedonia,28.41,Periphery AI Nation,3.1,ED-,3.22022,"$764,410,217.70",81773,Europe & Eurasia,FALSE,
111,Paraguay,28.33,Periphery AI Nation,0,ED,8.84727,"$519,331,142.83",93779,Central & South America,FALSE,
112,Nepal,28.16,Periphery AI Nation,26.5,ED,3.9874,,486967,Indo-Pacific,TRUE,Nepal
113,Mongolia,27.82,Periphery AI Nation,4.4,ED-,1.8725,"$61,798,307.84",89495,Indo-Pacific,FALSE,
114,Cambodia,27.51,Periphery AI Nation,0,EA,5.50678,"$253,436,975.80",235476,Indo-Pacific,FALSE,
115,Dominican Republic,27.28,Periphery AI Nation,0,ED,7.98916,"$75,300,000.00",217451,Central & South America,FALSE,
116,Namibia,27.25,Periphery AI Nation,0,ED-,0.9157,"$26,028,082.63",22072,Africa,FALSE,
117,Jamaica,27.23,Periphery AI Nation,40,ED,1.67785,"$127,565,622.58",58587,Central & South America,FALSE,
118,Kyrgyzstan,26.64,Periphery AI Nation,4.2,EA,4.45138,,121507,Middle East & Central Asia,FALSE,
119,Lao People's Democratic Republic,26.24,Periphery AI Nation,23.9,CA,14.33878,"$60,763,412.54",40818,Indo-Pacific,FALSE,
120,Bosnia and Herzegovina,26.18,Periphery AI Nation,11.8,EA+,5.02419,"$521,779,854.27",99259,Europe & Eurasia,FALSE,
121,Libya,26.12,Periphery AI Nation,25.8,CA,11.41914,"$11,900,000.00",73665,Africa,TRUE,Libya
122,Benin,25.27,Periphery AI Nation,4.4,EA+,0.3279,"$14,021,610.72",66467,Africa,FALSE,
123,Vanuatu,25.26,Periphery AI Nation,13,ED+,0.0331,"$6,448,986.52",1289,Indo-Pacific,FALSE,
124,Trinidad and Tobago,24.99,Periphery AI Nation,9.7,LD-,2.13688,"$42,093,408.73",41845,Central & South America,FALSE,
125,Uganda,24.95,Periphery AI Nation,3.4,EA,2.01495,"$48,478,909.46",147165,Africa,FALSE,
126,Democratic People's Republic of Korea,24.83,Periphery AI Nation,14,CA,8.52839,,,Indo-Pacific,FALSE,
127,Tuvalu,24.25,Periphery AI Nation,18.4,,0.0048,"$146,061.49",,Indo-Pacific,FALSE,
128,Kiribati,24.07,Periphery AI Nation,20.6,,0.00836,"$369,250.75",520,Indo-Pacific,FALSE,
129,Gabon,23.98,Periphery AI Nation,0,EA,0.862,"$2,132,050.13",16223,Africa,FALSE,
130,Palau,23.93,Periphery AI Nation,19.2,,0.04948,"$164,000.00",397,Indo-Pacific,FALSE,
131,Bahamas,23.93,Periphery AI Nation,0,,0.95252,,11344,North America,FALSE,
132,Nauru,23.43,Periphery AI Nation,60,,0.02871,,110,Indo-Pacific,FALSE,
133,Maldives,23.35,Periphery AI Nation,0,ED-,0.3195,"$46,894,839.10",22798,Indo-Pacific,FALSE,
134,Zimbabwe,23.29,Periphery AI Nation,0,EA,3.13228,"$14,930,000.00",84670,Africa,FALSE,
135,Tonga,23.05,Periphery AI Nation,35,,0.03616,"$113,498.77",778,Indo-Pacific,FALSE,
136,Turkmenistan,23,Periphery AI Nation,5.9,CA+,7.00231,,7738,Middle East & Central Asia,FALSE,
137,Djibouti,22.81,Periphery AI Nation,3.7,EA,0.183,"$80,518,861.54",5867,Africa,FALSE,
138,Cuba,22.65,Periphery AI Nation,2.9,CA,6.1662,,52084,Central & South America,FALSE,
139,Seychelles,22.59,Periphery AI Nation,33.9,LD,0.12814,"$10,532,979.33",26777,Africa,FALSE,
140,Samoa,22.5,Periphery AI Nation,18.4,,0.05966,"$26,864,236.51",830,Indo-Pacific,FALSE,
141,Myanmar,22.01,Periphery AI Nation,,CA,7.02881,"$149,715,842.22",199199,,FALSE,
142,"Venezuela, Bolivarian Republic of",21.85,Periphery AI Nation,2.7,EA,35.66854,"$64,000,000.00",345018,Central & South America,FALSE,
143,Marshall Islands,21.82,Periphery AI Nation,7.4,,0.04197,"$317,697.24",340,Indo-Pacific,FALSE,
144,Solomon Islands,21.61,Periphery AI Nation,8.1,ED,0.04708,"$2,541,793.25",1533,Indo-Pacific,FALSE,
145,Guatemala,21.59,Periphery AI Nation,0,ED,3.82412,"$556,852,050.00",195658,Central & South America,FALSE,
146,Papua New Guinea,21.45,Periphery AI Nation,33.7,EA,0.64749,"$196,375.58",16631,Indo-Pacific,FALSE,
147,Syrian Arab Republic,21.44,Periphery AI Nation,,,8.92971,"$140,657,918.97",67957,,FALSE,
148,Malawi,21.39,Periphery AI Nation,0,ED-,0.61492,"$161,059,368.79",35746,Africa,FALSE,
149,Bolivia (Plurinational State of),21.33,Periphery AI Nation,6.5,ED,3.5509,"$47,023,396.71",222560,Central & South America,TRUE,Bolivia
150,Guyana,21.28,Periphery AI Nation,0,ED-,0.26845,"$4,553,370.00",11193,Central & South America,FALSE,
151,Micronesia (Federated States of),21.19,Periphery AI Nation,0,,0.04826,,570,Indo-Pacific,FALSE,
152,Barbados,20.88,Periphery AI Nation,4.1,LD-,0.36804,"$3,438,207.61",10660,Central & South America,FALSE,
153,Saint Lucia,20.86,Periphery AI Nation,6.2,,,,4283,Central & South America,FALSE,
154,Togo,20.84,Periphery AI Nation,0,EA,0.34019,"$35,585,472.61",40421,Africa,FALSE,
155,Democratic Republic of the Congo,20.7,Periphery AI Nation,2.3,EA,3.6465,"$2,513,902.75",66438,Africa,FALSE,
156,Somalia,20.58,Periphery AI Nation,0,CA,0,,72309,Africa,FALSE,
157,Angola,20.56,Periphery AI Nation,0,EA,5.95841,"$20,569,382.05",81314,Africa,FALSE,
158,Cabo Verde,20.47,Periphery AI Nation,0,ED,0.22884,"$10,998,456.23",7526,Africa,FALSE,
159,Tajikistan,20.18,Periphery AI Nation,0,EA,6.54069,"$2,982,910.00",26111,Middle East & Central Asia,FALSE,
160,Lesotho,20.17,Periphery AI Nation,28.8,ED,0.10328,"$15,666.63",10459,Africa,FALSE,
161,Belize,20.08,Periphery AI Nation,15,,0.23127,"$123,299,500.00",9715,Central & South America,FALSE,
162,Eswatini,20.03,Periphery AI Nation,0,CA,0.20463,"$5,985,175.34",7975,Africa,FALSE,
163,Saint Kitts and Nevis,19.8,Periphery AI Nation,0,,,,1741,Central & South America,FALSE,
164,Mali,19.77,Periphery AI Nation,23.5,CA,1.02076,"$172,162,628.15",21292,Africa,FALSE,
165,Antigua and Barbuda,19.75,Periphery AI Nation,15.7,,0.12502,"$6,622,210.74",2570,Central & South America,FALSE,
166,Honduras,19.7,Periphery AI Nation,4,ED-,3.52467,"$36,388,048.86",103171,Central & South America,FALSE,
167,Mozambique,19.69,Periphery AI Nation,0,EA,2.6009,"$9,116,548.23",48751,Africa,FALSE,
168,Suriname,19.68,Periphery AI Nation,4.7,ED,0.58143,"$18,200,862.08",8887,Central & South America,FALSE,
169,Timor-Leste,19.63,Periphery AI Nation,0,ED,0.3169,"$6,501,444.41",3545,Indo-Pacific,FALSE,
170,Gambia (Republic of The),18.66,Periphery AI Nation,0,ED+,0.18469,"$1,479,038.09",8554,Africa,FALSE,
171,Dominica,18.64,Periphery AI Nation,6.2,,0.02688,"$3,209,453.33",1803,Central & South America,FALSE,
172,Saint Vincent and the Grenadines,18.33,Periphery AI Nation,12.2,,,"$3,014,697.41",2176,Central & South America,FALSE,
173,Burkina Faso,18.28,Periphery AI Nation,4.4,CA,0.61335,"$89,572,559.09",33834,Africa,FALSE,
174,Mauritania,18.24,Periphery AI Nation,3.3,EA,0.60481,"$2,831,044.33",16255,Africa,FALSE,
175,Nicaragua,18.05,Periphery AI Nation,0,EA,1.63901,"$252,300,000.00",69807,Central & South America,FALSE,
176,Grenada,17.83,Periphery AI Nation,0,,0.07406,"$5,457,399.26",3085,Central & South America,FALSE,
177,Congo,17.66,Periphery AI Nation,0,EA,0.99276,"$13,111,988.80",18243,Africa,FALSE,
178,Guinea,16.95,Periphery AI Nation,3.3,CA,1.2402,"$36,860,000.00",15644,Africa,FALSE,
179,Comoros,16.59,Periphery AI Nation,5.5,EA,0.03235,"$13,602,459.79",,Africa,FALSE,
180,Madagascar,16.42,Periphery AI Nation,0,EA,0.86391,"$294,407,364.21",81275,Africa,FALSE,
181,Equatorial Guinea,16.15,Periphery AI Nation,3.2,EA,0.40111,,2289,Africa,FALSE,
182,Sao Tome and Principe,16.15,Periphery AI Nation,7.4,ED,0.04288,"$493,541.19",859,Africa,FALSE,
183,Sudan,15.41,Periphery AI Nation,0,CA,3.08729,"$912,664.03",49732,Africa,FALSE,
184,Eritrea,15.02,Periphery AI Nation,0,CA,0.20529,"$8,241,677.41",1628,Africa,FALSE,
185,Yemen,14.92,Periphery AI Nation,6.3,CA,1.67775,"$118,100,000.00",146772,Middle East & Central Asia,FALSE,
186,Chad,14.88,Periphery AI Nation,8,EA,0.3938,,6676,Africa,FALSE,
187,Sierra Leone,14.61,Periphery AI Nation,0,EA+,0.23463,"$1,569,039.27",16670,Africa,FALSE,
188,Afghanistan,14.13,Periphery AI Nation,0,CA,0.67248,"$54,766,062.19",59957,Middle East & Central Asia,FALSE,
189,South Sudan,13.56,Periphery AI Nation,0,CA,0.074,"$35,640,000.00",7034,Africa,FALSE,
190,Guinea Bissau,13.18,Periphery AI Nation,4.2,CA+,0.028,"$14,974,784.23",1521,Africa,FALSE,
191,Liberia,12.77,Periphery AI Nation,0,ED,0.18614,,11954,Africa,FALSE,
192,Haiti,12.65,Periphery AI Nation,0,CA,0.48175,"$2,000,000.00",29835,Central & South America,FALSE,
193,Niger,12.33,Periphery AI Nation,4.2,CA,0.5206,"$70,015,402.39",9598,Africa,TRUE,Niger
194,Central African Republic,11.21,Periphery AI Nation,0,,,,868,Africa,FALSE,
195,Burundi,11.07,Periphery AI Nation,0,EA,0.22079,"$4,259,512.43",9617,Africa,FALSE,